{
    "best_model": "Gradient Boosting",
    "r2": 0.073158,
    "mse": 17612038222.13311,
    "rmse": 132710.354615,
    "mae": 26457.707615,
    "mape": 164386595932967.22
}